Year,YEAR,Crop,Precipitation,Temperature (Avg),Temperature (Max),Pesticide Usage,Fertilizer Usage,Yield
2016,2016-01-01,"Almonds, in shell",801.73,21.75,29.36,47421.33,2186326.67,14000
2017,2017-01-01,"Almonds, in shell",795.08,22.03,29.75,50801.94,2139573.61,14242
2018,2018-01-01,"Almonds, in shell",783.02,21.66,29.18,53144.44,2140490.9,14242
2019,2019-01-01,"Almonds, in shell",721.02,21.88,29.46,48989.2,2086911.73,14118
2020,2020-01-01,"Almonds, in shell",691.92,22.08,29.92,41681.11,2139664.12,14545
2016,2016-01-01,"Anise, badian, coriander, cumin, caraway, fennel and juniper berries, raw",801.73,21.75,29.36,47421.33,2186326.67,114028
2017,2017-01-01,"Anise, badian, coriander, cumin, caraway, fennel and juniper berries, raw",795.08,22.03,29.75,50801.94,2139573.61,174934
2018,2018-01-01,"Anise, badian, coriander, cumin, caraway, fennel and juniper berries, raw",783.02,21.66,29.18,53144.44,2140490.9,164995
2019,2019-01-01,"Anise, badian, coriander, cumin, caraway, fennel and juniper berries, raw",721.02,21.88,29.46,48989.2,2086911.73,141654
2020,2020-01-01,"Anise, badian, coriander, cumin, caraway, fennel and juniper berries, raw",691.92,22.08,29.92,41681.11,2139664.12,158135
2016,2016-01-01,Apples,801.73,21.75,29.36,47421.33,2186326.67,132158
2017,2017-01-01,Apples,795.08,22.03,29.75,50801.94,2139573.61,133190
2018,2018-01-01,Apples,783.02,21.66,29.18,53144.44,2140490.9,125922
2019,2019-01-01,Apples,721.02,21.88,29.46,48989.2,2086911.73,143728
2020,2020-01-01,Apples,691.92,22.08,29.92,41681.11,2139664.12,125948
2016,2016-01-01,Apricots,801.73,21.75,29.36,47421.33,2186326.67,50778
2017,2017-01-01,Apricots,795.08,22.03,29.75,50801.94,2139573.61,51104
2018,2018-01-01,Apricots,783.02,21.66,29.18,53144.44,2140490.9,56000
2019,2019-01-01,Apricots,721.02,21.88,29.46,48989.2,2086911.73,52270
2020,2020-01-01,Apricots,691.92,22.08,29.92,41681.11,2139664.12,52850
2016,2016-01-01,Artichokes,801.73,21.75,29.36,47421.33,2186326.67,143842
2017,2017-01-01,Artichokes,795.08,22.03,29.75,50801.94,2139573.61,122910
2018,2018-01-01,Artichokes,783.02,21.66,29.18,53144.44,2140490.9,131927
2019,2019-01-01,Artichokes,721.02,21.88,29.46,48989.2,2086911.73,137184
2020,2020-01-01,Artichokes,691.92,22.08,29.92,41681.11,2139664.12,127724
2016,2016-01-01,Asparagus,801.73,21.75,29.36,47421.33,2186326.67,87480
2017,2017-01-01,Asparagus,795.08,22.03,29.75,50801.94,2139573.61,93990
2018,2018-01-01,Asparagus,783.02,21.66,29.18,53144.44,2140490.9,90180
2019,2019-01-01,Asparagus,721.02,21.88,29.46,48989.2,2086911.73,88257
2020,2020-01-01,Asparagus,691.92,22.08,29.92,41681.11,2139664.12,94106
2016,2016-01-01,Avocados,801.73,21.75,29.36,47421.33,2186326.67,104652
2017,2017-01-01,Avocados,795.08,22.03,29.75,50801.94,2139573.61,107559
2018,2018-01-01,Avocados,783.02,21.66,29.18,53144.44,2140490.9,105852
2019,2019-01-01,Avocados,721.02,21.88,29.46,48989.2,2086911.73,106551
2020,2020-01-01,Avocados,691.92,22.08,29.92,41681.11,2139664.12,106667
2016,2016-01-01,Bananas,801.73,21.75,29.36,47421.33,2186326.67,304484
2017,2017-01-01,Bananas,795.08,22.03,29.75,50801.94,2139573.61,288656
2018,2018-01-01,Bananas,783.02,21.66,29.18,53144.44,2140490.9,299808
2019,2019-01-01,Bananas,721.02,21.88,29.46,48989.2,2086911.73,301470
2020,2020-01-01,Bananas,691.92,22.08,29.92,41681.11,2139664.12,308999
2016,2016-01-01,Barley,801.73,21.75,29.36,47421.33,2186326.67,29670
2017,2017-01-01,Barley,795.08,22.03,29.75,50801.94,2139573.61,28418
2018,2018-01-01,Barley,783.02,21.66,29.18,53144.44,2140490.9,28645
2019,2019-01-01,Barley,721.02,21.88,29.46,48989.2,2086911.73,26930
2020,2020-01-01,Barley,691.92,22.08,29.92,41681.11,2139664.12,29376
2016,2016-01-01,"Beans, dry",801.73,21.75,29.36,47421.33,2186326.67,6908
2017,2017-01-01,"Beans, dry",795.08,22.03,29.75,50801.94,2139573.61,7284
2018,2018-01-01,"Beans, dry",783.02,21.66,29.18,53144.44,2140490.9,7494
2019,2019-01-01,"Beans, dry",721.02,21.88,29.46,48989.2,2086911.73,7283
2020,2020-01-01,"Beans, dry",691.92,22.08,29.92,41681.11,2139664.12,6738
2016,2016-01-01,Blueberries,801.73,21.75,29.36,47421.33,2186326.67,98666
2017,2017-01-01,Blueberries,795.08,22.03,29.75,50801.94,2139573.61,110078
2018,2018-01-01,Blueberries,783.02,21.66,29.18,53144.44,2140490.9,111468
2019,2019-01-01,Blueberries,721.02,21.88,29.46,48989.2,2086911.73,113450
2020,2020-01-01,Blueberries,691.92,22.08,29.92,41681.11,2139664.12,109095
2016,2016-01-01,"Broad beans and horse beans, dry",801.73,21.75,29.36,47421.33,2186326.67,15546
2017,2017-01-01,"Broad beans and horse beans, dry",795.08,22.03,29.75,50801.94,2139573.61,15676
2018,2018-01-01,"Broad beans and horse beans, dry",783.02,21.66,29.18,53144.44,2140490.9,17503
2019,2019-01-01,"Broad beans and horse beans, dry",721.02,21.88,29.46,48989.2,2086911.73,14807
2020,2020-01-01,"Broad beans and horse beans, dry",691.92,22.08,29.92,41681.11,2139664.12,15878
2016,2016-01-01,"Broad beans and horse beans, green",801.73,21.75,29.36,47421.33,2186326.67,62714
2017,2017-01-01,"Broad beans and horse beans, green",795.08,22.03,29.75,50801.94,2139573.61,65648
2018,2018-01-01,"Broad beans and horse beans, green",783.02,21.66,29.18,53144.44,2140490.9,63718
2019,2019-01-01,"Broad beans and horse beans, green",721.02,21.88,29.46,48989.2,2086911.73,62986
2020,2020-01-01,"Broad beans and horse beans, green",691.92,22.08,29.92,41681.11,2139664.12,63456
2016,2016-01-01,Cabbages,801.73,21.75,29.36,47421.33,2186326.67,327881
2017,2017-01-01,Cabbages,795.08,22.03,29.75,50801.94,2139573.61,345765
2018,2018-01-01,Cabbages,783.02,21.66,29.18,53144.44,2140490.9,347520
2019,2019-01-01,Cabbages,721.02,21.88,29.46,48989.2,2086911.73,333583
2020,2020-01-01,Cabbages,691.92,22.08,29.92,41681.11,2139664.12,336091
2016,2016-01-01,Canary seed,801.73,21.75,29.36,47421.33,2186326.67,5000
2017,2017-01-01,Canary seed,795.08,22.03,29.75,50801.94,2139573.61,15000
2018,2018-01-01,Canary seed,783.02,21.66,29.18,53144.44,2140490.9,0
2019,2019-01-01,Canary seed,721.02,21.88,29.46,48989.2,2086911.73,20000
2020,2020-01-01,Canary seed,691.92,22.08,29.92,41681.11,2139664.12,10000
2016,2016-01-01,Cantaloupes and other melons,801.73,21.75,29.36,47421.33,2186326.67,296163
2017,2017-01-01,Cantaloupes and other melons,795.08,22.03,29.75,50801.94,2139573.61,309168
2018,2018-01-01,Cantaloupes and other melons,783.02,21.66,29.18,53144.44,2140490.9,313628
2019,2019-01-01,Cantaloupes and other melons,721.02,21.88,29.46,48989.2,2086911.73,316128
2020,2020-01-01,Cantaloupes and other melons,691.92,22.08,29.92,41681.11,2139664.12,320642
2016,2016-01-01,Carrots and turnips,801.73,21.75,29.36,47421.33,2186326.67,281392
2017,2017-01-01,Carrots and turnips,795.08,22.03,29.75,50801.94,2139573.61,290346
2018,2018-01-01,Carrots and turnips,783.02,21.66,29.18,53144.44,2140490.9,301384
2019,2019-01-01,Carrots and turnips,721.02,21.88,29.46,48989.2,2086911.73,301064
2020,2020-01-01,Carrots and turnips,691.92,22.08,29.92,41681.11,2139664.12,298118
2016,2016-01-01,"Cashew nuts, in shell",801.73,21.75,29.36,47421.33,2186326.67,24969
2017,2017-01-01,"Cashew nuts, in shell",795.08,22.03,29.75,50801.94,2139573.61,26547
2018,2018-01-01,"Cashew nuts, in shell",783.02,21.66,29.18,53144.44,2140490.9,25060
2019,2019-01-01,"Cashew nuts, in shell",721.02,21.88,29.46,48989.2,2086911.73,26590
2020,2020-01-01,"Cashew nuts, in shell",691.92,22.08,29.92,41681.11,2139664.12,25869
2016,2016-01-01,"Cassava, fresh",801.73,21.75,29.36,47421.33,2186326.67,122464
2017,2017-01-01,"Cassava, fresh",795.08,22.03,29.75,50801.94,2139573.61,125755
2018,2018-01-01,"Cassava, fresh",783.02,21.66,29.18,53144.44,2140490.9,130120
2019,2019-01-01,"Cassava, fresh",721.02,21.88,29.46,48989.2,2086911.73,129238
2020,2020-01-01,"Cassava, fresh",691.92,22.08,29.92,41681.11,2139664.12,126762
2016,2016-01-01,Castor oil seeds,801.73,21.75,29.36,47421.33,2186326.67,14077
2017,2017-01-01,Castor oil seeds,795.08,22.03,29.75,50801.94,2139573.61,19672
2018,2018-01-01,Castor oil seeds,783.02,21.66,29.18,53144.44,2140490.9,27647
2019,2019-01-01,Castor oil seeds,721.02,21.88,29.46,48989.2,2086911.73,35000
2020,2020-01-01,Castor oil seeds,691.92,22.08,29.92,41681.11,2139664.12,32770
2016,2016-01-01,Cauliflowers and broccoli,801.73,21.75,29.36,47421.33,2186326.67,163967
2017,2017-01-01,Cauliflowers and broccoli,795.08,22.03,29.75,50801.94,2139573.61,176912
2018,2018-01-01,Cauliflowers and broccoli,783.02,21.66,29.18,53144.44,2140490.9,182871
2019,2019-01-01,Cauliflowers and broccoli,721.02,21.88,29.46,48989.2,2086911.73,184879
2020,2020-01-01,Cauliflowers and broccoli,691.92,22.08,29.92,41681.11,2139664.12,179136
2016,2016-01-01,Cereals n.e.c.,801.73,21.75,29.36,47421.33,2186326.67,13316
2017,2017-01-01,Cereals n.e.c.,795.08,22.03,29.75,50801.94,2139573.61,15747
2018,2018-01-01,Cereals n.e.c.,783.02,21.66,29.18,53144.44,2140490.9,20031
2019,2019-01-01,Cereals n.e.c.,721.02,21.88,29.46,48989.2,2086911.73,17381
2020,2020-01-01,Cereals n.e.c.,691.92,22.08,29.92,41681.11,2139664.12,19363
2016,2016-01-01,Cherries,801.73,21.75,29.36,47421.33,2186326.67,37636
2017,2017-01-01,Cherries,795.08,22.03,29.75,50801.94,2139573.61,23226
2018,2018-01-01,Cherries,783.02,21.66,29.18,53144.44,2140490.9,37083
2019,2019-01-01,Cherries,721.02,21.88,29.46,48989.2,2086911.73,23590
2020,2020-01-01,Cherries,691.92,22.08,29.92,41681.11,2139664.12,30000
2016,2016-01-01,"Chick peas, dry",801.73,21.75,29.36,47421.33,2186326.67,18331
2017,2017-01-01,"Chick peas, dry",795.08,22.03,29.75,50801.94,2139573.61,19181
2018,2018-01-01,"Chick peas, dry",783.02,21.66,29.18,53144.44,2140490.9,18099
2019,2019-01-01,"Chick peas, dry",721.02,21.88,29.46,48989.2,2086911.73,21170
2020,2020-01-01,"Chick peas, dry",691.92,22.08,29.92,41681.11,2139664.12,20169
2016,2016-01-01,"Chillies and peppers, dry (Capsicum spp., Pimenta spp.), raw",801.73,21.75,29.36,47421.33,2186326.67,18832
2017,2017-01-01,"Chillies and peppers, dry (Capsicum spp., Pimenta spp.), raw",795.08,22.03,29.75,50801.94,2139573.61,19182
2018,2018-01-01,"Chillies and peppers, dry (Capsicum spp., Pimenta spp.), raw",783.02,21.66,29.18,53144.44,2140490.9,19451
2019,2019-01-01,"Chillies and peppers, dry (Capsicum spp., Pimenta spp.), raw",721.02,21.88,29.46,48989.2,2086911.73,19181
2020,2020-01-01,"Chillies and peppers, dry (Capsicum spp., Pimenta spp.), raw",691.92,22.08,29.92,41681.11,2139664.12,19325
2016,2016-01-01,"Chillies and peppers, green (Capsicum spp. and Pimenta spp.)",801.73,21.75,29.36,47421.33,2186326.67,160874
2017,2017-01-01,"Chillies and peppers, green (Capsicum spp. and Pimenta spp.)",795.08,22.03,29.75,50801.94,2139573.61,205492
2018,2018-01-01,"Chillies and peppers, green (Capsicum spp. and Pimenta spp.)",783.02,21.66,29.18,53144.44,2140490.9,215517
2019,2019-01-01,"Chillies and peppers, green (Capsicum spp. and Pimenta spp.)",721.02,21.88,29.46,48989.2,2086911.73,216494
2020,2020-01-01,"Chillies and peppers, green (Capsicum spp. and Pimenta spp.)",691.92,22.08,29.92,41681.11,2139664.12,178483
2016,2016-01-01,Cocoa beans,801.73,21.75,29.36,47421.33,2186326.67,4574
2017,2017-01-01,Cocoa beans,795.08,22.03,29.75,50801.94,2139573.61,4649
2018,2018-01-01,Cocoa beans,783.02,21.66,29.18,53144.44,2140490.9,4866
2019,2019-01-01,Cocoa beans,721.02,21.88,29.46,48989.2,2086911.73,4861
2020,2020-01-01,Cocoa beans,691.92,22.08,29.92,41681.11,2139664.12,5022
2016,2016-01-01,"Coconuts, in shell",801.73,21.75,29.36,47421.33,2186326.67,74494
2017,2017-01-01,"Coconuts, in shell",795.08,22.03,29.75,50801.94,2139573.61,74316
2018,2018-01-01,"Coconuts, in shell",783.02,21.66,29.18,53144.44,2140490.9,74616
2019,2019-01-01,"Coconuts, in shell",721.02,21.88,29.46,48989.2,2086911.73,73006
2020,2020-01-01,"Coconuts, in shell",691.92,22.08,29.92,41681.11,2139664.12,72152
2016,2016-01-01,"Coffee, green",801.73,21.75,29.36,47421.33,2186326.67,2350
2017,2017-01-01,"Coffee, green",795.08,22.03,29.75,50801.94,2139573.61,2408
2018,2018-01-01,"Coffee, green",783.02,21.66,29.18,53144.44,2140490.9,2514
2019,2019-01-01,"Coffee, green",721.02,21.88,29.46,48989.2,2086911.73,2633
2020,2020-01-01,"Coffee, green",691.92,22.08,29.92,41681.11,2139664.12,2760
2016,2016-01-01,Cucumbers and gherkins,801.73,21.75,29.36,47421.33,2186326.67,476412
2017,2017-01-01,Cucumbers and gherkins,795.08,22.03,29.75,50801.94,2139573.61,473739
2018,2018-01-01,Cucumbers and gherkins,783.02,21.66,29.18,53144.44,2140490.9,547047
2019,2019-01-01,Cucumbers and gherkins,721.02,21.88,29.46,48989.2,2086911.73,512867
2020,2020-01-01,Cucumbers and gherkins,691.92,22.08,29.92,41681.11,2139664.12,736840
2016,2016-01-01,Dates,801.73,21.75,29.36,47421.33,2186326.67,68352
2017,2017-01-01,Dates,795.08,22.03,29.75,50801.94,2139573.61,59659
2018,2018-01-01,Dates,783.02,21.66,29.18,53144.44,2140490.9,56872
2019,2019-01-01,Dates,721.02,21.88,29.46,48989.2,2086911.73,69898
2020,2020-01-01,Dates,691.92,22.08,29.92,41681.11,2139664.12,65924
2016,2016-01-01,"Edible roots and tubers with high starch or inulin content, n.e.c., fresh",801.73,21.75,29.36,47421.33,2186326.67,299934
2017,2017-01-01,"Edible roots and tubers with high starch or inulin content, n.e.c., fresh",795.08,22.03,29.75,50801.94,2139573.61,296669
2018,2018-01-01,"Edible roots and tubers with high starch or inulin content, n.e.c., fresh",783.02,21.66,29.18,53144.44,2140490.9,302297
2019,2019-01-01,"Edible roots and tubers with high starch or inulin content, n.e.c., fresh",721.02,21.88,29.46,48989.2,2086911.73,279949
2020,2020-01-01,"Edible roots and tubers with high starch or inulin content, n.e.c., fresh",691.92,22.08,29.92,41681.11,2139664.12,276880
2016,2016-01-01,Eggplants (aubergines),801.73,21.75,29.36,47421.33,2186326.67,674420
2017,2017-01-01,Eggplants (aubergines),795.08,22.03,29.75,50801.94,2139573.61,726413
2018,2018-01-01,Eggplants (aubergines),783.02,21.66,29.18,53144.44,2140490.9,771056
2019,2019-01-01,Eggplants (aubergines),721.02,21.88,29.46,48989.2,2086911.73,793973
2020,2020-01-01,Eggplants (aubergines),691.92,22.08,29.92,41681.11,2139664.12,666637
2016,2016-01-01,Figs,801.73,21.75,29.36,47421.33,2186326.67,52903
2017,2017-01-01,Figs,795.08,22.03,29.75,50801.94,2139573.61,56708
2018,2018-01-01,Figs,783.02,21.66,29.18,53144.44,2140490.9,64531
2019,2019-01-01,Figs,721.02,21.88,29.46,48989.2,2086911.73,71604
2020,2020-01-01,Figs,691.92,22.08,29.92,41681.11,2139664.12,65165
2016,2016-01-01,"Ginger, raw",801.73,21.75,29.36,47421.33,2186326.67,88130
2017,2017-01-01,"Ginger, raw",795.08,22.03,29.75,50801.94,2139573.61,85596
2018,2018-01-01,"Ginger, raw",783.02,21.66,29.18,53144.44,2140490.9,100332
2019,2019-01-01,"Ginger, raw",721.02,21.88,29.46,48989.2,2086911.73,103763
2020,2020-01-01,"Ginger, raw",691.92,22.08,29.92,41681.11,2139664.12,90452
2016,2016-01-01,Grapes,801.73,21.75,29.36,47421.33,2186326.67,130146
2017,2017-01-01,Grapes,795.08,22.03,29.75,50801.94,2139573.61,146626
2018,2018-01-01,Grapes,783.02,21.66,29.18,53144.44,2140490.9,140006
2019,2019-01-01,Grapes,721.02,21.88,29.46,48989.2,2086911.73,149086
2020,2020-01-01,Grapes,691.92,22.08,29.92,41681.11,2139664.12,127806
2016,2016-01-01,Green corn (maize),801.73,21.75,29.36,47421.33,2186326.67,127882
2017,2017-01-01,Green corn (maize),795.08,22.03,29.75,50801.94,2139573.61,153713
2018,2018-01-01,Green corn (maize),783.02,21.66,29.18,53144.44,2140490.9,156596
2019,2019-01-01,Green corn (maize),721.02,21.88,29.46,48989.2,2086911.73,150906
2020,2020-01-01,Green corn (maize),691.92,22.08,29.92,41681.11,2139664.12,145982
2016,2016-01-01,Green garlic,801.73,21.75,29.36,47421.33,2186326.67,118047
2017,2017-01-01,Green garlic,795.08,22.03,29.75,50801.94,2139573.61,124449
2018,2018-01-01,Green garlic,783.02,21.66,29.18,53144.44,2140490.9,128868
2019,2019-01-01,Green garlic,721.02,21.88,29.46,48989.2,2086911.73,121801
2020,2020-01-01,Green garlic,691.92,22.08,29.92,41681.11,2139664.12,127802
2016,2016-01-01,"Groundnuts, excluding shelled",801.73,21.75,29.36,47421.33,2186326.67,17057
2017,2017-01-01,"Groundnuts, excluding shelled",795.08,22.03,29.75,50801.94,2139573.61,16984
2018,2018-01-01,"Groundnuts, excluding shelled",783.02,21.66,29.18,53144.44,2140490.9,17505
2019,2019-01-01,"Groundnuts, excluding shelled",721.02,21.88,29.46,48989.2,2086911.73,17128
2020,2020-01-01,"Groundnuts, excluding shelled",691.92,22.08,29.92,41681.11,2139664.12,16982
2016,2016-01-01,Jojoba seeds,801.73,21.75,29.36,47421.33,2186326.67,4816
2017,2017-01-01,Jojoba seeds,795.08,22.03,29.75,50801.94,2139573.61,4790
2018,2018-01-01,Jojoba seeds,783.02,21.66,29.18,53144.44,2140490.9,4950
2019,2019-01-01,Jojoba seeds,721.02,21.88,29.46,48989.2,2086911.73,4934
2020,2020-01-01,Jojoba seeds,691.92,22.08,29.92,41681.11,2139664.12,4900
2016,2016-01-01,Leeks and other alliaceous vegetables,801.73,21.75,29.36,47421.33,2186326.67,169676
2017,2017-01-01,Leeks and other alliaceous vegetables,795.08,22.03,29.75,50801.94,2139573.61,169038
2018,2018-01-01,Leeks and other alliaceous vegetables,783.02,21.66,29.18,53144.44,2140490.9,169326
2019,2019-01-01,Leeks and other alliaceous vegetables,721.02,21.88,29.46,48989.2,2086911.73,169540
2020,2020-01-01,Leeks and other alliaceous vegetables,691.92,22.08,29.92,41681.11,2139664.12,169209
2016,2016-01-01,Lemons and limes,801.73,21.75,29.36,47421.33,2186326.67,148645
2017,2017-01-01,Lemons and limes,795.08,22.03,29.75,50801.94,2139573.61,146769
2018,2018-01-01,Lemons and limes,783.02,21.66,29.18,53144.44,2140490.9,144907
2019,2019-01-01,Lemons and limes,721.02,21.88,29.46,48989.2,2086911.73,147178
2020,2020-01-01,Lemons and limes,691.92,22.08,29.92,41681.11,2139664.12,153563
2016,2016-01-01,"Lentils, dry",801.73,21.75,29.36,47421.33,2186326.67,7482
2017,2017-01-01,"Lentils, dry",795.08,22.03,29.75,50801.94,2139573.61,10446
2018,2018-01-01,"Lentils, dry",783.02,21.66,29.18,53144.44,2140490.9,11090
2019,2019-01-01,"Lentils, dry",721.02,21.88,29.46,48989.2,2086911.73,11542
2020,2020-01-01,"Lentils, dry",691.92,22.08,29.92,41681.11,2139664.12,10858
2016,2016-01-01,Lettuce and chicory,801.73,21.75,29.36,47421.33,2186326.67,219192
2017,2017-01-01,Lettuce and chicory,795.08,22.03,29.75,50801.94,2139573.61,228630
2018,2018-01-01,Lettuce and chicory,783.02,21.66,29.18,53144.44,2140490.9,236976
2019,2019-01-01,Lettuce and chicory,721.02,21.88,29.46,48989.2,2086911.73,248170
2020,2020-01-01,Lettuce and chicory,691.92,22.08,29.92,41681.11,2139664.12,243289
2016,2016-01-01,Linseed,801.73,21.75,29.36,47421.33,2186326.67,5000
2017,2017-01-01,Linseed,795.08,22.03,29.75,50801.94,2139573.61,10000
2018,2018-01-01,Linseed,783.02,21.66,29.18,53144.44,2140490.9,8000
2019,2019-01-01,Linseed,721.02,21.88,29.46,48989.2,2086911.73,8889
2020,2020-01-01,Linseed,691.92,22.08,29.92,41681.11,2139664.12,7500
2018,2018-01-01,Locust beans (carobs),783.02,21.66,29.18,53144.44,2140490.9,39474
2019,2019-01-01,Locust beans (carobs),721.02,21.88,29.46,48989.2,2086911.73,39545
2020,2020-01-01,Locust beans (carobs),691.92,22.08,29.92,41681.11,2139664.12,39176
2016,2016-01-01,Maize (corn),801.73,21.75,29.36,47421.33,2186326.67,37180
2017,2017-01-01,Maize (corn),795.08,22.03,29.75,50801.94,2139573.61,37888
2018,2018-01-01,Maize (corn),783.02,21.66,29.18,53144.44,2140490.9,38146
2019,2019-01-01,Maize (corn),721.02,21.88,29.46,48989.2,2086911.73,40697
2020,2020-01-01,Maize (corn),691.92,22.08,29.92,41681.11,2139664.12,38322
2016,2016-01-01,"Mangoes, guavas and mangosteens",801.73,21.75,29.36,47421.33,2186326.67,106447
2017,2017-01-01,"Mangoes, guavas and mangosteens",795.08,22.03,29.75,50801.94,2139573.61,108287
2018,2018-01-01,"Mangoes, guavas and mangosteens",783.02,21.66,29.18,53144.44,2140490.9,103421
2019,2019-01-01,"Mangoes, guavas and mangosteens",721.02,21.88,29.46,48989.2,2086911.73,110966
2020,2020-01-01,"Mangoes, guavas and mangosteens",691.92,22.08,29.92,41681.11,2139664.12,111083
2016,2016-01-01,Melonseed,801.73,21.75,29.36,47421.33,2186326.67,3846
2017,2017-01-01,Melonseed,795.08,22.03,29.75,50801.94,2139573.61,4167
2018,2018-01-01,Melonseed,783.02,21.66,29.18,53144.44,2140490.9,4000
2019,2019-01-01,Melonseed,721.02,21.88,29.46,48989.2,2086911.73,4000
2020,2020-01-01,Melonseed,691.92,22.08,29.92,41681.11,2139664.12,4167
2016,2016-01-01,Millet,801.73,21.75,29.36,47421.33,2186326.67,135000
2018,2018-01-01,Millet,783.02,21.66,29.18,53144.44,2140490.9,157857
2019,2019-01-01,Millet,721.02,21.88,29.46,48989.2,2086911.73,138000
2020,2020-01-01,Millet,691.92,22.08,29.92,41681.11,2139664.12,146842
2016,2016-01-01,Mustard seed,801.73,21.75,29.36,47421.33,2186326.67,6667
2016,2016-01-01,Natural rubber in primary forms,801.73,21.75,29.36,47421.33,2186326.67,26993
2017,2017-01-01,Natural rubber in primary forms,795.08,22.03,29.75,50801.94,2139573.61,26790
2018,2018-01-01,Natural rubber in primary forms,783.02,21.66,29.18,53144.44,2140490.9,29870
2019,2019-01-01,Natural rubber in primary forms,721.02,21.88,29.46,48989.2,2086911.73,29359
2020,2020-01-01,Natural rubber in primary forms,691.92,22.08,29.92,41681.11,2139664.12,28062
2016,2016-01-01,Oats,801.73,21.75,29.36,47421.33,2186326.67,18536
2017,2017-01-01,Oats,795.08,22.03,29.75,50801.94,2139573.61,16646
2018,2018-01-01,Oats,783.02,21.66,29.18,53144.44,2140490.9,19896
2019,2019-01-01,Oats,721.02,21.88,29.46,48989.2,2086911.73,20719
2020,2020-01-01,Oats,691.92,22.08,29.92,41681.11,2139664.12,22489
2016,2016-01-01,Oil palm fruit,801.73,21.75,29.36,47421.33,2186326.67,128858
2017,2017-01-01,Oil palm fruit,795.08,22.03,29.75,50801.94,2139573.61,132743
2018,2018-01-01,Oil palm fruit,783.02,21.66,29.18,53144.44,2140490.9,135044
2019,2019-01-01,Oil palm fruit,721.02,21.88,29.46,48989.2,2086911.73,139625
2020,2020-01-01,Oil palm fruit,691.92,22.08,29.92,41681.11,2139664.12,136702
2016,2016-01-01,Okra,801.73,21.75,29.36,47421.33,2186326.67,86303
2017,2017-01-01,Okra,795.08,22.03,29.75,50801.94,2139573.61,94173
2018,2018-01-01,Okra,783.02,21.66,29.18,53144.44,2140490.9,96268
2019,2019-01-01,Okra,721.02,21.88,29.46,48989.2,2086911.73,96209
2020,2020-01-01,Okra,691.92,22.08,29.92,41681.11,2139664.12,94309
2016,2016-01-01,Olives,801.73,21.75,29.36,47421.33,2186326.67,42501
2017,2017-01-01,Olives,795.08,22.03,29.75,50801.94,2139573.61,42519
2018,2018-01-01,Olives,783.02,21.66,29.18,53144.44,2140490.9,29052
2019,2019-01-01,Olives,721.02,21.88,29.46,48989.2,2086911.73,46560
2020,2020-01-01,Olives,691.92,22.08,29.92,41681.11,2139664.12,32427
2016,2016-01-01,"Onions and shallots, dry (excluding dehydrated)",801.73,21.75,29.36,47421.33,2186326.67,317461
2017,2017-01-01,"Onions and shallots, dry (excluding dehydrated)",795.08,22.03,29.75,50801.94,2139573.61,313614
2018,2018-01-01,"Onions and shallots, dry (excluding dehydrated)",783.02,21.66,29.18,53144.44,2140490.9,313468
2019,2019-01-01,"Onions and shallots, dry (excluding dehydrated)",721.02,21.88,29.46,48989.2,2086911.73,310123
2020,2020-01-01,"Onions and shallots, dry (excluding dehydrated)",691.92,22.08,29.92,41681.11,2139664.12,308411
2016,2016-01-01,"Onions and shallots, green",801.73,21.75,29.36,47421.33,2186326.67,115568
2017,2017-01-01,"Onions and shallots, green",795.08,22.03,29.75,50801.94,2139573.61,115473
2018,2018-01-01,"Onions and shallots, green",783.02,21.66,29.18,53144.44,2140490.9,115428
2019,2019-01-01,"Onions and shallots, green",721.02,21.88,29.46,48989.2,2086911.73,115494
2020,2020-01-01,"Onions and shallots, green",691.92,22.08,29.92,41681.11,2139664.12,115456
2016,2016-01-01,Oranges,801.73,21.75,29.36,47421.33,2186326.67,146326
2017,2017-01-01,Oranges,795.08,22.03,29.75,50801.94,2139573.61,144322
2018,2018-01-01,Oranges,783.02,21.66,29.18,53144.44,2140490.9,145031
2019,2019-01-01,Oranges,721.02,21.88,29.46,48989.2,2086911.73,143728
2020,2020-01-01,Oranges,691.92,22.08,29.92,41681.11,2139664.12,141832
2016,2016-01-01,"Other beans, green",801.73,21.75,29.36,47421.33,2186326.67,90729
2017,2017-01-01,"Other beans, green",795.08,22.03,29.75,50801.94,2139573.61,96234
2018,2018-01-01,"Other beans, green",783.02,21.66,29.18,53144.44,2140490.9,103240
2019,2019-01-01,"Other beans, green",721.02,21.88,29.46,48989.2,2086911.73,95958
2020,2020-01-01,"Other beans, green",691.92,22.08,29.92,41681.11,2139664.12,97510
2016,2016-01-01,Other berries and fruits of the genus vaccinium n.e.c.,801.73,21.75,29.36,47421.33,2186326.67,191709
2017,2017-01-01,Other berries and fruits of the genus vaccinium n.e.c.,795.08,22.03,29.75,50801.94,2139573.61,215269
2018,2018-01-01,Other berries and fruits of the genus vaccinium n.e.c.,783.02,21.66,29.18,53144.44,2140490.9,218114
2019,2019-01-01,Other berries and fruits of the genus vaccinium n.e.c.,721.02,21.88,29.46,48989.2,2086911.73,231026
2020,2020-01-01,Other berries and fruits of the genus vaccinium n.e.c.,691.92,22.08,29.92,41681.11,2139664.12,226004
2016,2016-01-01,"Other citrus fruit, n.e.c.",801.73,21.75,29.36,47421.33,2186326.67,44445
2017,2017-01-01,"Other citrus fruit, n.e.c.",795.08,22.03,29.75,50801.94,2139573.61,44440
2018,2018-01-01,"Other citrus fruit, n.e.c.",783.02,21.66,29.18,53144.44,2140490.9,45322
2019,2019-01-01,"Other citrus fruit, n.e.c.",721.02,21.88,29.46,48989.2,2086911.73,44910
2020,2020-01-01,"Other citrus fruit, n.e.c.",691.92,22.08,29.92,41681.11,2139664.12,44498
2016,2016-01-01,"Other fruits, n.e.c.",801.73,21.75,29.36,47421.33,2186326.67,65613
2017,2017-01-01,"Other fruits, n.e.c.",795.08,22.03,29.75,50801.94,2139573.61,67966
2018,2018-01-01,"Other fruits, n.e.c.",783.02,21.66,29.18,53144.44,2140490.9,67587
2019,2019-01-01,"Other fruits, n.e.c.",721.02,21.88,29.46,48989.2,2086911.73,67047
2020,2020-01-01,"Other fruits, n.e.c.",691.92,22.08,29.92,41681.11,2139664.12,67532
2016,2016-01-01,"Other nuts (excluding wild edible nuts and groundnuts), in shell, n.e.c.",801.73,21.75,29.36,47421.33,2186326.67,18718
2017,2017-01-01,"Other nuts (excluding wild edible nuts and groundnuts), in shell, n.e.c.",795.08,22.03,29.75,50801.94,2139573.61,18710
2018,2018-01-01,"Other nuts (excluding wild edible nuts and groundnuts), in shell, n.e.c.",783.02,21.66,29.18,53144.44,2140490.9,18702
2019,2019-01-01,"Other nuts (excluding wild edible nuts and groundnuts), in shell, n.e.c.",721.02,21.88,29.46,48989.2,2086911.73,18441
2020,2020-01-01,"Other nuts (excluding wild edible nuts and groundnuts), in shell, n.e.c.",691.92,22.08,29.92,41681.11,2139664.12,18358
2016,2016-01-01,Other pulses n.e.c.,801.73,21.75,29.36,47421.33,2186326.67,8230
2017,2017-01-01,Other pulses n.e.c.,795.08,22.03,29.75,50801.94,2139573.61,8108
2018,2018-01-01,Other pulses n.e.c.,783.02,21.66,29.18,53144.44,2140490.9,8245
2019,2019-01-01,Other pulses n.e.c.,721.02,21.88,29.46,48989.2,2086911.73,8134
2020,2020-01-01,Other pulses n.e.c.,691.92,22.08,29.92,41681.11,2139664.12,8047
2016,2016-01-01,"Other stimulant, spice and aromatic crops, n.e.c.",801.73,21.75,29.36,47421.33,2186326.67,69467
2017,2017-01-01,"Other stimulant, spice and aromatic crops, n.e.c.",795.08,22.03,29.75,50801.94,2139573.61,70045
2018,2018-01-01,"Other stimulant, spice and aromatic crops, n.e.c.",783.02,21.66,29.18,53144.44,2140490.9,70735
2019,2019-01-01,"Other stimulant, spice and aromatic crops, n.e.c.",721.02,21.88,29.46,48989.2,2086911.73,71005
2020,2020-01-01,"Other stimulant, spice and aromatic crops, n.e.c.",691.92,22.08,29.92,41681.11,2139664.12,71144
2016,2016-01-01,"Other tropical fruits, n.e.c.",801.73,21.75,29.36,47421.33,2186326.67,98720
2017,2017-01-01,"Other tropical fruits, n.e.c.",795.08,22.03,29.75,50801.94,2139573.61,98733
2018,2018-01-01,"Other tropical fruits, n.e.c.",783.02,21.66,29.18,53144.44,2140490.9,98769
2019,2019-01-01,"Other tropical fruits, n.e.c.",721.02,21.88,29.46,48989.2,2086911.73,98740
2020,2020-01-01,"Other tropical fruits, n.e.c.",691.92,22.08,29.92,41681.11,2139664.12,98748
2016,2016-01-01,"Other vegetables, fresh n.e.c.",801.73,21.75,29.36,47421.33,2186326.67,83057
2017,2017-01-01,"Other vegetables, fresh n.e.c.",795.08,22.03,29.75,50801.94,2139573.61,83545
2018,2018-01-01,"Other vegetables, fresh n.e.c.",783.02,21.66,29.18,53144.44,2140490.9,83759
2019,2019-01-01,"Other vegetables, fresh n.e.c.",721.02,21.88,29.46,48989.2,2086911.73,83455
2020,2020-01-01,"Other vegetables, fresh n.e.c.",691.92,22.08,29.92,41681.11,2139664.12,83587
2016,2016-01-01,Papayas,801.73,21.75,29.36,47421.33,2186326.67,565946
2017,2017-01-01,Papayas,795.08,22.03,29.75,50801.94,2139573.61,577153
2018,2018-01-01,Papayas,783.02,21.66,29.18,53144.44,2140490.9,580160
2019,2019-01-01,Papayas,721.02,21.88,29.46,48989.2,2086911.73,574942
2020,2020-01-01,Papayas,691.92,22.08,29.92,41681.11,2139664.12,588651
2016,2016-01-01,Peaches and nectarines,801.73,21.75,29.36,47421.33,2186326.67,61329
2017,2017-01-01,Peaches and nectarines,795.08,22.03,29.75,50801.94,2139573.61,64035
2018,2018-01-01,Peaches and nectarines,783.02,21.66,29.18,53144.44,2140490.9,62852
2019,2019-01-01,Peaches and nectarines,721.02,21.88,29.46,48989.2,2086911.73,63067
2020,2020-01-01,Peaches and nectarines,691.92,22.08,29.92,41681.11,2139664.12,66287
2016,2016-01-01,Pears,801.73,21.75,29.36,47421.33,2186326.67,64034
2017,2017-01-01,Pears,795.08,22.03,29.75,50801.94,2139573.61,66960
2018,2018-01-01,Pears,783.02,21.66,29.18,53144.44,2140490.9,73302
2019,2019-01-01,Pears,721.02,21.88,29.46,48989.2,2086911.73,70176
2020,2020-01-01,Pears,691.92,22.08,29.92,41681.11,2139664.12,70967
2016,2016-01-01,"Peas, dry",801.73,21.75,29.36,47421.33,2186326.67,12825
2017,2017-01-01,"Peas, dry",795.08,22.03,29.75,50801.94,2139573.61,14266
2018,2018-01-01,"Peas, dry",783.02,21.66,29.18,53144.44,2140490.9,13064
2019,2019-01-01,"Peas, dry",721.02,21.88,29.46,48989.2,2086911.73,13282
2020,2020-01-01,"Peas, dry",691.92,22.08,29.92,41681.11,2139664.12,13478
2016,2016-01-01,"Peas, green",801.73,21.75,29.36,47421.33,2186326.67,50471
2017,2017-01-01,"Peas, green",795.08,22.03,29.75,50801.94,2139573.61,56810
2018,2018-01-01,"Peas, green",783.02,21.66,29.18,53144.44,2140490.9,54221
2019,2019-01-01,"Peas, green",721.02,21.88,29.46,48989.2,2086911.73,52731
2020,2020-01-01,"Peas, green",691.92,22.08,29.92,41681.11,2139664.12,53083
2016,2016-01-01,"Pepper (Piper spp.), raw",801.73,21.75,29.36,47421.33,2186326.67,17594
2017,2017-01-01,"Pepper (Piper spp.), raw",795.08,22.03,29.75,50801.94,2139573.61,25484
2018,2018-01-01,"Pepper (Piper spp.), raw",783.02,21.66,29.18,53144.44,2140490.9,28691
2019,2019-01-01,"Pepper (Piper spp.), raw",721.02,21.88,29.46,48989.2,2086911.73,28936
2020,2020-01-01,"Pepper (Piper spp.), raw",691.92,22.08,29.92,41681.11,2139664.12,26740
2016,2016-01-01,"Peppermint, spearmint",801.73,21.75,29.36,47421.33,2186326.67,99500
2017,2017-01-01,"Peppermint, spearmint",795.08,22.03,29.75,50801.94,2139573.61,123929
2018,2018-01-01,"Peppermint, spearmint",783.02,21.66,29.18,53144.44,2140490.9,96618
2019,2019-01-01,"Peppermint, spearmint",721.02,21.88,29.46,48989.2,2086911.73,95313
2020,2020-01-01,"Peppermint, spearmint",691.92,22.08,29.92,41681.11,2139664.12,103061
2016,2016-01-01,Persimmons,801.73,21.75,29.36,47421.33,2186326.67,127500
2017,2017-01-01,Persimmons,795.08,22.03,29.75,50801.94,2139573.61,132500
2018,2018-01-01,Persimmons,783.02,21.66,29.18,53144.44,2140490.9,135000
2019,2019-01-01,Persimmons,721.02,21.88,29.46,48989.2,2086911.73,135000
2020,2020-01-01,Persimmons,691.92,22.08,29.92,41681.11,2139664.12,132000
2016,2016-01-01,Pineapples,801.73,21.75,29.36,47421.33,2186326.67,449402
2017,2017-01-01,Pineapples,795.08,22.03,29.75,50801.94,2139573.61,472463
2018,2018-01-01,Pineapples,783.02,21.66,29.18,53144.44,2140490.9,481245
2019,2019-01-01,Pineapples,721.02,21.88,29.46,48989.2,2086911.73,460997
2020,2020-01-01,Pineapples,691.92,22.08,29.92,41681.11,2139664.12,474380
2016,2016-01-01,"Pistachios, in shell",801.73,21.75,29.36,47421.33,2186326.67,4122
2017,2017-01-01,"Pistachios, in shell",795.08,22.03,29.75,50801.94,2139573.61,2913
2018,2018-01-01,"Pistachios, in shell",783.02,21.66,29.18,53144.44,2140490.9,5596
2019,2019-01-01,"Pistachios, in shell",721.02,21.88,29.46,48989.2,2086911.73,3645
2020,2020-01-01,"Pistachios, in shell",691.92,22.08,29.92,41681.11,2139664.12,3954
2016,2016-01-01,Plums and sloes,801.73,21.75,29.36,47421.33,2186326.67,53348
2017,2017-01-01,Plums and sloes,795.08,22.03,29.75,50801.94,2139573.61,56733
2018,2018-01-01,Plums and sloes,783.02,21.66,29.18,53144.44,2140490.9,57241
2019,2019-01-01,Plums and sloes,721.02,21.88,29.46,48989.2,2086911.73,55646
2020,2020-01-01,Plums and sloes,691.92,22.08,29.92,41681.11,2139664.12,55943
2016,2016-01-01,Pomelos and grapefruits,801.73,21.75,29.36,47421.33,2186326.67,265087
2017,2017-01-01,Pomelos and grapefruits,795.08,22.03,29.75,50801.94,2139573.61,249519
2018,2018-01-01,Pomelos and grapefruits,783.02,21.66,29.18,53144.44,2140490.9,244175
2019,2019-01-01,Pomelos and grapefruits,721.02,21.88,29.46,48989.2,2086911.73,249477
2020,2020-01-01,Pomelos and grapefruits,691.92,22.08,29.92,41681.11,2139664.12,247471
2016,2016-01-01,Potatoes,801.73,21.75,29.36,47421.33,2186326.67,279260
2017,2017-01-01,Potatoes,795.08,22.03,29.75,50801.94,2139573.61,289506
2018,2018-01-01,Potatoes,783.02,21.66,29.18,53144.44,2140490.9,298922
2019,2019-01-01,Potatoes,721.02,21.88,29.46,48989.2,2086911.73,305242
2020,2020-01-01,Potatoes,691.92,22.08,29.92,41681.11,2139664.12,319433
2016,2016-01-01,"Pumpkins, squash and gourds",801.73,21.75,29.36,47421.33,2186326.67,184376
2017,2017-01-01,"Pumpkins, squash and gourds",795.08,22.03,29.75,50801.94,2139573.61,194103
2018,2018-01-01,"Pumpkins, squash and gourds",783.02,21.66,29.18,53144.44,2140490.9,203283
2019,2019-01-01,"Pumpkins, squash and gourds",721.02,21.88,29.46,48989.2,2086911.73,200096
2020,2020-01-01,"Pumpkins, squash and gourds",691.92,22.08,29.92,41681.11,2139664.12,220591
2016,2016-01-01,Quinces,801.73,21.75,29.36,47421.33,2186326.67,82534
2017,2017-01-01,Quinces,795.08,22.03,29.75,50801.94,2139573.61,83140
2018,2018-01-01,Quinces,783.02,21.66,29.18,53144.44,2140490.9,87241
2019,2019-01-01,Quinces,721.02,21.88,29.46,48989.2,2086911.73,88385
2020,2020-01-01,Quinces,691.92,22.08,29.92,41681.11,2139664.12,85886
2016,2016-01-01,Rape or colza seed,801.73,21.75,29.36,47421.33,2186326.67,8000
2017,2017-01-01,Rape or colza seed,795.08,22.03,29.75,50801.94,2139573.61,3333
2018,2018-01-01,Rape or colza seed,783.02,21.66,29.18,53144.44,2140490.9,10000
2019,2019-01-01,Rape or colza seed,721.02,21.88,29.46,48989.2,2086911.73,6667
2020,2020-01-01,Rape or colza seed,691.92,22.08,29.92,41681.11,2139664.12,10000
2016,2016-01-01,Raspberries,801.73,21.75,29.36,47421.33,2186326.67,181477
2017,2017-01-01,Raspberries,795.08,22.03,29.75,50801.94,2139573.61,188081
2018,2018-01-01,Raspberries,783.02,21.66,29.18,53144.44,2140490.9,182054
2019,2019-01-01,Raspberries,721.02,21.88,29.46,48989.2,2086911.73,183335
2020,2020-01-01,Raspberries,691.92,22.08,29.92,41681.11,2139664.12,188425
2016,2016-01-01,Rice,801.73,21.75,29.36,47421.33,2186326.67,61345
2017,2017-01-01,Rice,795.08,22.03,29.75,50801.94,2139573.61,63900
2018,2018-01-01,Rice,783.02,21.66,29.18,53144.44,2140490.9,62849
2019,2019-01-01,Rice,721.02,21.88,29.46,48989.2,2086911.73,63663
2020,2020-01-01,Rice,691.92,22.08,29.92,41681.11,2139664.12,62107
2016,2016-01-01,Rye,801.73,21.75,29.36,47421.33,2186326.67,14000
2017,2017-01-01,Rye,795.08,22.03,29.75,50801.94,2139573.61,18333
2018,2018-01-01,Rye,783.02,21.66,29.18,53144.44,2140490.9,18000
2019,2019-01-01,Rye,721.02,21.88,29.46,48989.2,2086911.73,17500
2020,2020-01-01,Rye,691.92,22.08,29.92,41681.11,2139664.12,17778
2016,2016-01-01,Safflower seed,801.73,21.75,29.36,47421.33,2186326.67,18518
2017,2017-01-01,Safflower seed,795.08,22.03,29.75,50801.94,2139573.61,15646
2018,2018-01-01,Safflower seed,783.02,21.66,29.18,53144.44,2140490.9,21968
2019,2019-01-01,Safflower seed,721.02,21.88,29.46,48989.2,2086911.73,18562
2020,2020-01-01,Safflower seed,691.92,22.08,29.92,41681.11,2139664.12,17216
2016,2016-01-01,"Seed cotton, unginned",801.73,21.75,29.36,47421.33,2186326.67,46747
2017,2017-01-01,"Seed cotton, unginned",795.08,22.03,29.75,50801.94,2139573.61,47618
2018,2018-01-01,"Seed cotton, unginned",783.02,21.66,29.18,53144.44,2140490.9,48325
2019,2019-01-01,"Seed cotton, unginned",721.02,21.88,29.46,48989.2,2086911.73,44246
2020,2020-01-01,"Seed cotton, unginned",691.92,22.08,29.92,41681.11,2139664.12,46860
2016,2016-01-01,Sesame seed,801.73,21.75,29.36,47421.33,2186326.67,6598
2017,2017-01-01,Sesame seed,795.08,22.03,29.75,50801.94,2139573.61,7206
2018,2018-01-01,Sesame seed,783.02,21.66,29.18,53144.44,2140490.9,7279
2019,2019-01-01,Sesame seed,721.02,21.88,29.46,48989.2,2086911.73,7061
2020,2020-01-01,Sesame seed,691.92,22.08,29.92,41681.11,2139664.12,6607
2016,2016-01-01,"Sisal, raw",801.73,21.75,29.36,47421.33,2186326.67,17038
2017,2017-01-01,"Sisal, raw",795.08,22.03,29.75,50801.94,2139573.61,19828
2018,2018-01-01,"Sisal, raw",783.02,21.66,29.18,53144.44,2140490.9,13210
2019,2019-01-01,"Sisal, raw",721.02,21.88,29.46,48989.2,2086911.73,14874
2020,2020-01-01,"Sisal, raw",691.92,22.08,29.92,41681.11,2139664.12,16240
2016,2016-01-01,Sorghum,801.73,21.75,29.36,47421.33,2186326.67,33085
2017,2017-01-01,Sorghum,795.08,22.03,29.75,50801.94,2139573.61,33990
2018,2018-01-01,Sorghum,783.02,21.66,29.18,53144.44,2140490.9,34840
2019,2019-01-01,Sorghum,721.02,21.88,29.46,48989.2,2086911.73,32858
2020,2020-01-01,Sorghum,691.92,22.08,29.92,41681.11,2139664.12,32357
2016,2016-01-01,Soya beans,801.73,21.75,29.36,47421.33,2186326.67,18327
2017,2017-01-01,Soya beans,795.08,22.03,29.75,50801.94,2139573.61,16486
2018,2018-01-01,Soya beans,783.02,21.66,29.18,53144.44,2140490.9,16997
2019,2019-01-01,Soya beans,721.02,21.88,29.46,48989.2,2086911.73,15938
2020,2020-01-01,Soya beans,691.92,22.08,29.92,41681.11,2139664.12,15672
2016,2016-01-01,Spinach,801.73,21.75,29.36,47421.33,2186326.67,137462
2017,2017-01-01,Spinach,795.08,22.03,29.75,50801.94,2139573.61,188712
2018,2018-01-01,Spinach,783.02,21.66,29.18,53144.44,2140490.9,183920
2019,2019-01-01,Spinach,721.02,21.88,29.46,48989.2,2086911.73,158300
2020,2020-01-01,Spinach,691.92,22.08,29.92,41681.11,2139664.12,172846
2016,2016-01-01,Strawberries,801.73,21.75,29.36,47421.33,2186326.67,422187
2017,2017-01-01,Strawberries,795.08,22.03,29.75,50801.94,2139573.61,475405
2018,2018-01-01,Strawberries,783.02,21.66,29.18,53144.44,2140490.9,478786
2019,2019-01-01,Strawberries,721.02,21.88,29.46,48989.2,2086911.73,524278
2020,2020-01-01,Strawberries,691.92,22.08,29.92,41681.11,2139664.12,431746
2016,2016-01-01,String beans,801.73,21.75,29.36,47421.33,2186326.67,96118
2017,2017-01-01,String beans,795.08,22.03,29.75,50801.94,2139573.61,99408
2018,2018-01-01,String beans,783.02,21.66,29.18,53144.44,2140490.9,99148
2019,2019-01-01,String beans,721.02,21.88,29.46,48989.2,2086911.73,98210
2020,2020-01-01,String beans,691.92,22.08,29.92,41681.11,2139664.12,98915
2016,2016-01-01,Sugar beet,801.73,21.75,29.36,47421.33,2186326.67,129242
2017,2017-01-01,Sugar beet,795.08,22.03,29.75,50801.94,2139573.61,121304
2018,2018-01-01,Sugar beet,783.02,21.66,29.18,53144.44,2140490.9,123824
2019,2019-01-01,Sugar beet,721.02,21.88,29.46,48989.2,2086911.73,124118
2020,2020-01-01,Sugar beet,691.92,22.08,29.92,41681.11,2139664.12,123676
2016,2016-01-01,Sugar cane,801.73,21.75,29.36,47421.33,2186326.67,722701
2017,2017-01-01,Sugar cane,795.08,22.03,29.75,50801.94,2139573.61,737756
2018,2018-01-01,Sugar cane,783.02,21.66,29.18,53144.44,2140490.9,723262
2019,2019-01-01,Sugar cane,721.02,21.88,29.46,48989.2,2086911.73,745418
2020,2020-01-01,Sugar cane,691.92,22.08,29.92,41681.11,2139664.12,694240
2016,2016-01-01,Sunflower seed,801.73,21.75,29.36,47421.33,2186326.67,10513
2017,2017-01-01,Sunflower seed,795.08,22.03,29.75,50801.94,2139573.61,12512
2018,2018-01-01,Sunflower seed,783.02,21.66,29.18,53144.44,2140490.9,14285
2019,2019-01-01,Sunflower seed,721.02,21.88,29.46,48989.2,2086911.73,17679
2020,2020-01-01,Sunflower seed,691.92,22.08,29.92,41681.11,2139664.12,13395
2016,2016-01-01,Sweet potatoes,801.73,21.75,29.36,47421.33,2186326.67,197219
2017,2017-01-01,Sweet potatoes,795.08,22.03,29.75,50801.94,2139573.61,204229
2018,2018-01-01,Sweet potatoes,783.02,21.66,29.18,53144.44,2140490.9,202418
2019,2019-01-01,Sweet potatoes,721.02,21.88,29.46,48989.2,2086911.73,191231
2020,2020-01-01,Sweet potatoes,691.92,22.08,29.92,41681.11,2139664.12,195885
2016,2016-01-01,"Tangerines, mandarins, clementines",801.73,21.75,29.36,47421.33,2186326.67,139102
2017,2017-01-01,"Tangerines, mandarins, clementines",795.08,22.03,29.75,50801.94,2139573.61,145159
2018,2018-01-01,"Tangerines, mandarins, clementines",783.02,21.66,29.18,53144.44,2140490.9,151204
2019,2019-01-01,"Tangerines, mandarins, clementines",721.02,21.88,29.46,48989.2,2086911.73,141836
2020,2020-01-01,"Tangerines, mandarins, clementines",691.92,22.08,29.92,41681.11,2139664.12,146900
2016,2016-01-01,Tomatoes,801.73,21.75,29.36,47421.33,2186326.67,433427
2017,2017-01-01,Tomatoes,795.08,22.03,29.75,50801.94,2139573.61,456277
2018,2018-01-01,Tomatoes,783.02,21.66,29.18,53144.44,2140490.9,504786
2019,2019-01-01,Tomatoes,721.02,21.88,29.46,48989.2,2086911.73,485903
2020,2020-01-01,Tomatoes,691.92,22.08,29.92,41681.11,2139664.12,487170
2016,2016-01-01,Triticale,801.73,21.75,29.36,47421.33,2186326.67,31293
2017,2017-01-01,Triticale,795.08,22.03,29.75,50801.94,2139573.61,27508
2018,2018-01-01,Triticale,783.02,21.66,29.18,53144.44,2140490.9,22775
2019,2019-01-01,Triticale,721.02,21.88,29.46,48989.2,2086911.73,28107
2020,2020-01-01,Triticale,691.92,22.08,29.92,41681.11,2139664.12,27764
2016,2016-01-01,Unmanufactured tobacco,801.73,21.75,29.36,47421.33,2186326.67,22534
2017,2017-01-01,Unmanufactured tobacco,795.08,22.03,29.75,50801.94,2139573.61,22875
2018,2018-01-01,Unmanufactured tobacco,783.02,21.66,29.18,53144.44,2140490.9,23170
2019,2019-01-01,Unmanufactured tobacco,721.02,21.88,29.46,48989.2,2086911.73,24867
2020,2020-01-01,Unmanufactured tobacco,691.92,22.08,29.92,41681.11,2139664.12,21004
2016,2016-01-01,"Vanilla, raw",801.73,21.75,29.36,47421.33,2186326.67,5240
2017,2017-01-01,"Vanilla, raw",795.08,22.03,29.75,50801.94,2139573.61,5376
2018,2018-01-01,"Vanilla, raw",783.02,21.66,29.18,53144.44,2140490.9,5716
2019,2019-01-01,"Vanilla, raw",721.02,21.88,29.46,48989.2,2086911.73,6056
2020,2020-01-01,"Vanilla, raw",691.92,22.08,29.92,41681.11,2139664.12,5691
2016,2016-01-01,Vetches,801.73,21.75,29.36,47421.33,2186326.67,128498
2017,2017-01-01,Vetches,795.08,22.03,29.75,50801.94,2139573.61,115812
2018,2018-01-01,Vetches,783.02,21.66,29.18,53144.44,2140490.9,121560
2019,2019-01-01,Vetches,721.02,21.88,29.46,48989.2,2086911.73,125071
2020,2020-01-01,Vetches,691.92,22.08,29.92,41681.11,2139664.12,120216
2016,2016-01-01,"Walnuts, in shell",801.73,21.75,29.36,47421.33,2186326.67,16982
2017,2017-01-01,"Walnuts, in shell",795.08,22.03,29.75,50801.94,2139573.61,16314
2018,2018-01-01,"Walnuts, in shell",783.02,21.66,29.18,53144.44,2140490.9,16462
2019,2019-01-01,"Walnuts, in shell",721.02,21.88,29.46,48989.2,2086911.73,16790
2020,2020-01-01,"Walnuts, in shell",691.92,22.08,29.92,41681.11,2139664.12,15137
2016,2016-01-01,Watermelons,801.73,21.75,29.36,47421.33,2186326.67,310211
2017,2017-01-01,Watermelons,795.08,22.03,29.75,50801.94,2139573.61,321449
2018,2018-01-01,Watermelons,783.02,21.66,29.18,53144.44,2140490.9,358106
2019,2019-01-01,Watermelons,721.02,21.88,29.46,48989.2,2086911.73,342010
2020,2020-01-01,Watermelons,691.92,22.08,29.92,41681.11,2139664.12,348278
2016,2016-01-01,Wheat,801.73,21.75,29.36,47421.33,2186326.67,53388
2017,2017-01-01,Wheat,795.08,22.03,29.75,50801.94,2139573.61,52967
2018,2018-01-01,Wheat,783.02,21.66,29.18,53144.44,2140490.9,54373
2019,2019-01-01,Wheat,721.02,21.88,29.46,48989.2,2086911.73,55308
2020,2020-01-01,Wheat,691.92,22.08,29.92,41681.11,2139664.12,53212
2016,2016-01-01,Yautia,801.73,21.75,29.36,47421.33,2186326.67,594265
2017,2017-01-01,Yautia,795.08,22.03,29.75,50801.94,2139573.61,665217
2018,2018-01-01,Yautia,783.02,21.66,29.18,53144.44,2140490.9,774343
2019,2019-01-01,Yautia,721.02,21.88,29.46,48989.2,2086911.73,749544
2020,2020-01-01,Yautia,691.92,22.08,29.92,41681.11,2139664.12,687706